student_number,personality,considerations,tags
AMU2026001,新しい課題にも積極的に取り組みグループでは進行役を担うことが多いです,説明の全体像を最初に示すと理解が早まります,主体的|協働的|全体把握型
AMU2026002,慎重に考えてから発言し提出物は計画的に仕上げます,急な指名よりも事前に発言の準備時間を設けると安心できます,慎重|計画的|内省的
AMU2026003,好奇心が強く疑問点を具体的な質問にして確認できます,発展課題を用意すると集中を保ちやすいです,探究心|質問力|発展志向
AMU2026004,図や実例から理解を深めることが得意で実習に意欲的です,口頭説明には図表や手順書を添えると理解しやすくなります,視覚優位|実践的|集中型
AMU2026005,周囲の意見をよく聞き対立した意見を整理することが得意です,自分の意見を述べる前にメモを取る時間があると力を発揮できます,傾聴|調整力|協働的
AMU2026006,目標が明確な課題では粘り強く取り組みます,長期課題は中間締切を設定すると進捗を管理しやすくなります,粘り強い|目標志向|段階支援
AMU2026007,文章で考えを整理することが得意で振り返りを丁寧に行います,発表時には要点を記したメモの使用を認めると安心できます,文章表現|内省的|準備重視
AMU2026008,初対面でも話しかけやすくグループの雰囲気づくりに貢献します,作業が広がりすぎる場合は優先順位を一緒に確認します,社交的|協働的|発想豊か
AMU2026009,数値や根拠をもとに考えることを好み正確さを重視します,自由度の高い課題では評価基準を明示すると取り組みやすくなります,論理的|正確|基準重視
AMU2026010,静かな環境で集中して取り組み自分のペースで理解を積み上げます,複数の指示は一度に伝えず順番を明確にすると取り組みやすくなります,集中型|着実|個別配慮
